date,skill,count,total_postings,pct_of_postings
2026-09-26,SQL,108,500,21.6
2026-09-26,Python,58,500,11.6
2026-09-26,Excel,36,500,7.2
2026-09-26,Power BI,43,500,8.6
2026-09-26,Tableau,30,500,6.0
2026-09-26,R,14,500,2.8
2026-09-26,SAS,3,500,0.6
2026-09-26,Java,1,500,0.2
2026-09-26,Scala,0,500,0.0
2026-09-26,Spark,8,500,1.6
2026-09-26,Hadoop,4,500,0.8
2026-09-26,AWS,9,500,1.8
2026-09-26,Azure,13,500,2.6
2026-09-26,GCP,8,500,1.6
2026-09-26,Machine Learning,4,500,0.8
2026-09-26,Statistics,6,500,1.2
2026-09-26,A/B Testing,0,500,0.0
2026-09-26,ETL,22,500,4.4
2026-09-26,Data Visualization,14,500,2.8
2026-09-26,Looker,4,500,0.8
2026-09-26,Google Analytics,1,500,0.2
2026-09-26,VBA,0,500,0.0
2026-09-26,PowerPoint,2,500,0.4
2026-09-26,NoSQL,2,500,0.4
2026-09-26,MongoDB,2,500,0.4
2026-09-26,Snowflake,9,500,1.8
2026-09-26,Airflow,0,500,0.0
2026-09-26,PostgreSQL,3,500,0.6
2026-09-26,MySQL,0,500,0.0
2026-09-26,Git,0,500,0.0
2026-09-26,Alteryx,4,500,0.8
2026-09-26,Oracle,5,500,1.0
